namespace,title,link,tag
Module,predicates101meta,http://101wiki.softlang.org/Module:predicates101meta,
Contribution,antlr4Lexer,http://101wiki.softlang.org/Contribution:antlr4Lexer,
Concept,Parser,http://101wiki.softlang.org/Concept:Parser,
Concept,Maybe type,http://101wiki.softlang.org/Concept:Maybe_type,
Feature,Wiki analysis demo,http://101wiki.softlang.org/Feature:Wiki_analysis_demo,
Concept,Associative Array,http://101wiki.softlang.org/Concept:Associative_Array,
Feature,Conversion,http://101wiki.softlang.org/Feature:Conversion,
Concept,Grammar transformation,http://101wiki.softlang.org/Concept:Grammar_transformation,
Technology,Sinatra,http://101wiki.softlang.org/Technology:Sinatra,
Contribution,pyBorg,http://101wiki.softlang.org/Contribution:pyBorg,
Concept,Tree Walker,http://101wiki.softlang.org/Concept:Tree_Walker,
Technology,Java Servlet,http://101wiki.softlang.org/Technology:Java_Servlet,
Feature,Visualization,http://101wiki.softlang.org/Feature:Visualization,
Contribution,OCL using USE,http://101wiki.softlang.org/Contribution:OCL_using_USE,
Technology,LogicBlox,http://101wiki.softlang.org/Technology:LogicBlox,
Technology,BCEL,http://101wiki.softlang.org/Technology:BCEL,
Concept,MVC,http://101wiki.softlang.org/Concept:MVC,
Contribution,antlr4ParseTreeVisitor,http://101wiki.softlang.org/Contribution:antlr4ParseTreeVisitor,
Contributor,kkraemer,http://101wiki.softlang.org/Contributor:kkraemer,
Concept,Monoid,http://101wiki.softlang.org/Concept:Monoid,
Concept,Access control,http://101wiki.softlang.org/Concept:Access_control,
Script,Unparsing and parsing in Haskell,http://101wiki.softlang.org/Script:Unparsing_and_parsing_in_Haskell,
Concept,Schema-first mapping,http://101wiki.softlang.org/Concept:Schema-first_mapping,
Document,Handbook of data structures and applications,http://101wiki.softlang.org/Document:Handbook_of_data_structures_and_applications,
Concept,Integer,http://101wiki.softlang.org/Concept:Integer,
Vocabulary,OO programming,http://101wiki.softlang.org/Vocabulary:OO_programming,
Language,Cobol,http://101wiki.softlang.org/Language:Cobol,
Contribution,silverlight,http://101wiki.softlang.org/Contribution:silverlight,
Concept,Parsing,http://101wiki.softlang.org/Concept:Parsing,
Concept,Annotation language,http://101wiki.softlang.org/Concept:Annotation_language,
Contribution,clojure,http://101wiki.softlang.org/Contribution:clojure,
Module,themesExtractor,http://101wiki.softlang.org/Module:themesExtractor,
Concept,Web technology,http://101wiki.softlang.org/Concept:Web_technology,
Contribution,haskellSpec,http://101wiki.softlang.org/Contribution:haskellSpec,
Concept,Implicit conversion,http://101wiki.softlang.org/Concept:Implicit_conversion,
Concept,Regression testing,http://101wiki.softlang.org/Concept:Regression_testing,
Contribution,spreadsheet,http://101wiki.softlang.org/Contribution:spreadsheet,
Concept,Metaprogram,http://101wiki.softlang.org/Concept:Metaprogram,
Technology,Mercurial,http://101wiki.softlang.org/Technology:Mercurial,
Concept,Reference counting,http://101wiki.softlang.org/Concept:Reference_counting,
Concept,Tool,http://101wiki.softlang.org/Concept:Tool,
Concept,Resource,http://101wiki.softlang.org/Concept:Resource,
Property,supports,http://101wiki.softlang.org/Property:supports,
Concept,Remote procedure call,http://101wiki.softlang.org/Concept:Remote_procedure_call,
Concept,Core,http://101wiki.softlang.org/Concept:Core,
Concept,Constructor,http://101wiki.softlang.org/Concept:Constructor,
Feature,Touch control,http://101wiki.softlang.org/Feature:Touch_control,
Concept,Design,http://101wiki.softlang.org/Concept:Design,
Concept,Const-correctness,http://101wiki.softlang.org/Concept:Const-correctness,
Concept,Partial application,http://101wiki.softlang.org/Concept:Partial_application,
