Technology:Spring,1
Technology:Sinatra/edit,1
Contribution:javaMessaging/create_new_page_confirmation,1
Just-in-time_compilation,1
Language%20implementation/create_new_page_confirmation,1
Contribution:html5local,1
Contribution:html5ajax/edit,1
Concept:Haskell_potpourri,1
Technology:QTCreator,1
Technology:POI,1
Concept:Human_resource_management_system,1
Technology:OSCache,1
Language:BMML,1
Contribution:hdbc,1
Technology:Make,1
Contribution:haskellWriter,1
Technology:Java_Bean,1
Concept:Java_annotation,1
Language:EBNF,1
Concept:Lexer,1
Concept:Linked_list,1
Technology:JGoodies,1
Technology:JBoss_Application_Server,1
Concept:MVar,1
Language:Groovy,1
Technology:HaskellDB,1
Contribution:javaMessagingSubscription/create_new_page_confirmation,1
Technology:Hamcrest,1
Information:Contact,1
Contribution:javaRmi,1
Union,1
URI/edit,1
Concept:Applicative_functor,1
Concept:Basic_data_modeling_in_Haskell,1
Contribution:linq2Sql,1
Concept:Build_management,1
Feature:Web_UI,1
File_system,1
Foldable%20type/edit,1
Functional_OO_programming,1
Theme:NoSQL,1
Generalized_fold,1
Theme:Datalog_basics,1
Concept:DBMS,1
Concept:Data_manipulation_language,1
Generic_programming,1
GoF_design_patterns/create_new_page_confirmation,1
Haskell,1
Haskell_genericity,1
Concept:Documentation,1
Concept:Documentation_generation,1
Technology:iText,1
Hierarchical_company/create_new_page_confirmation,1
Concept:Expression,1
Contribution:javaScanner,1
Concept:Fold_algebra,1
Vocabulary:101companies,1
Technology:HXT,1
Technology:HBase,1
Menu_Inflater,1
Run-time_quality,1
Relationalware,1
Regular_expression,1
Query,1
Quadratic_equation,1
Modelware,1
Modular_programming,1
Monadic_style,1
Concept:Syntax_definition,1
Monads,1
Namespace:Contribution/edit,1
Contribution:N/create_new_page_confirmation,1
Namespace:Dotnet,1
Contribution:ForkBomb/edit,1
Property:embeds,1
NativeScript/create_new_page_confirmation,1
Concept:Type_class_Ord,1
NoSQL,1
Object-Text_mapping,1
Object_Scoping,1
Open_serialization,1
Operator,1
Output,1
Concept:Zipper_monad,1
Concept:Software_concept,1
Technology:HDBC,1
Script:Language_processing_patterns,1
MVar,1
Contribution:haskellLogging,1
Contribution:haskellComposition/edit,1
Concept:OO_class,1
Concept:OO_programming,1
Technology:Apache_XML-RPC,1
Technology:Ant,1
Language:PHP,1
Technology:Android,1
Language:RDF,1
Contribution:gwtTree,1
Language:SQL,1
Syntax%20definition/edit,1
Contribution:emftext,1
Structured_program_theorem,1
Concept:Reader_monad,1
Sqlite,1
Concept:Recursion,1
Language:sparql,1
Concept:Regular_expression,1
Language:xjc_POJOs,1
Contribution:csharpAspNetMvc/edit,1
Languages:Java/create_new_page_confirmation,1
Lexical_analysis,1
Section:Headline/create_new_page_confirmation,1
Concept:Searching_and_sorting_in_Haskell,1
Scripting_language,1
Vocabulary:Data_modeling,1
Concept:Web_UI_REST_API,1
Contribution:projectLb,1
scripts/101contributor,1
@contributor,1
Contribution:tmvar,1
scripts/Lexer,1
Contribution:swing,1
BÃ¶hm-Jacopini_theorem,1
Cabal,1
Contribution:strutsXml,1
Contribution:strutsAnnotation,1
scripts/Linear_search,1
scripts/Pattern_matching,1
Fact_extractor,1
Expression_problem,1
scripts/Contribution:javaExorcism,1
Contributor:mastermaiknemo/edit,1
Contributor:hutzg5,1
Client-server_architecture,1
Algebraic_specification,1
scripts/Fold_algebra,1
scripts/Contribution:jxpath,1
Contribution:yapg,1
scripts/Contribution:emfGenerative,1
Behavioral_modeling,1
scripts/Contribution:atl,1
scripts/Contribution:pyjson,1
scripts/Contribution:silverlight,1
scripts/Contribution:antlr4ParseTreeListener,1
scripts/Contribution:tmvar,1
resource/lanuage,1
Data_manipulation_language,1
ANTLR,1
Data_modeling,1
scripts/Divide%20and%20conquer%20algorithm,1
@repo,1
scripts/101haskell,1
Feature:Dimensionality,1
Anonymous_class,1
Abstract_class,1
scripts/Technology:jsTree,1
Contribution:pyBorg/edit,1
Concept:101simplejava,1
Conversion,1
Alternative_feature,1
scripts/Technology:Moops,1
101explorer/edit,1
Zipper_monad,1
Web_UI,1
Concept:101haskell,1
Design_patterns/create_new_page_confirmation,1
Vocabulary:OO_programming,1
scripts/Visitor_pattern,1
Concept:Abstraction_mechanism,1
Contribution:pyjson,1
Course:Web_programming_for_Debeka,1
scripts/Technology:JAXB,1
Development-time_quality,1
Contribution:qt,1
Vocabulary:Haskell,1
Contribution:rascal,1
Database_programming,1
scripts/Software_extension_and_integration_with_type_classes,1
Concept:ATL_plugin,1
Language:Ruby,2
Language_Embedding/create_new_page_confirmation,2
Language:R/create_new_page_confirmation,2
Language_Extension/create_new_page_confirmation,2
Language:Racket/create_new_page_confirmation,2
Feature:AST/create_new_page_confirmation,2
Language:SDF3/create_new_page_confirmation,2
Feature:Closed%20serialization/edit,2
Language:StringTemplate/create_new_page_confirmation,2
Language:SVG,2
Feature:ASG/create_new_page_confirmation,2
Language:Xtend/create_new_page_confirmation,2
Language:XML/edit,2
Language:TypeScript/edit,2
Language:Sirius%20viewpoint%20specification/create_new_page_confirmation,2
Language:Stratego,2
Language:TypeScript/create_new_page_confirmation,2
Language:Stratego/create_new_page_confirmation,2
Feature:Abstract%20syntax/create_new_page_confirmation,2
Feature:AST+/create_new_page_confirmation,2
Language:Xtext%20Grammar/create_new_page_confirmation,2
Feature:Analysis/create_new_page_confirmation,2
Metadata/edit,2
Lifting/create_new_page_confirmation,2
Eclipse/create_new_page_confirmation,2
Namespace:Perspective/create_new_page_confirmation,2
Namespace:Script,2
Namespace:Section/create_new_page_confirmation,2
Namespace:System/create_new_page_confirmation,2
Namespace:Type/create_new_page_confirmation,2
Namespace:contribution/create_new_page_confirmation,2
Endogenous_model_transformation,2
Dotnet:System.Xml,2
Object-program_representation/create_new_page_confirmation,2
Object_program,2
Document:JLS,2
Document:Haskell's_overlooked_object_system,2
Palette/create_new_page_confirmation,2
Parallelism,2
Parser_generator,2
OO%20Interface/create_new_page_confirmation,2
Namespace:Concept/edit,2
Namespace,2
Name_binding/create_new_page_confirmation,2
Linked_list,2
Feature%20model/create_new_page_confirmation,2
List_processing,2
Listener,2
Macro/create_new_page_confirmation,2
Management_system,2
Mapping,2
Megamodeling,2
Meta-modelling/create_new_page_confirmation,2
Metaprogramming%20system/edit,2
Metaprogramming/edit,2
Metaprogramming_system,2
Model_to_Model_transformation,2
Model_to_text_transformation,2
Modeling_language,2
Factory/create_new_page_confirmation,2
Name%20binding/create_new_page_confirmation,2
Lexical_syntax/create_new_page_confirmation,2
Feature:Compilation/create_new_page_confirmation,2
Language:MPS-Editor%20Language/create_new_page_confirmation,2
Language:OCL/edit,2
Graph-based_abstract_syntax,2
Graph-based_abstract_syntax/create_new_page_confirmation,2
Feature:Semantic%20domain/create_new_page_confirmation,2
Haskell_introduction,2
Haskell_script,2
Feature:Scanning/edit,2
Feature:Scanning/create_new_page_confirmation,2
Hibernate,2
Feature:Scanning,2
Grammar_transformation,2
Hierarchical_company,2
Perspective:Build,2
Implicit%20Conversion/create_new_page_confirmation,2
Implicit%20conversion/create_new_page_confirmation,2
Feature:Resolution/create_new_page_confirmation,2
Feature:Reporting,2
Information:License,2
Feature:Replacement/create_new_page_confirmation,2
Inline%20Macro/create_new_page_confirmation,2
Internal:Courses,2
Imperative_programming,2
Feature:Semantics/create_new_page_confirmation,2
Feature:Semantics/edit,2
Generic_function,2
Feature:Syntax/create_new_page_confirmation,2
Feature:Text%20projection/create_new_page_confirmation,2
Feature:Text-to-ASG/create_new_page_confirmation,2
Feature:Text-to-AST,2
Feature:Text-to-AST/create_new_page_confirmation,2
Feature:Text-to-CST/create_new_page_confirmation,2
Feature:Textual_syntax,2
Feature:Static_semantics/create_new_page_confirmation,2
Feature:Textual_syntax/create_new_page_confirmation,2
Feature:Translation_semantics,2
Feature:Undo-redo,2
Feature_model/create_new_page_confirmation,2
Fibonacci_sequence/create_new_page_confirmation,2
Feature:Static_semantic,2
Fmap_function,2
Functional%20programming%20language/edit,2
Functional_constructor/create_new_page_confirmation,2
Feature:Staging/create_new_page_confirmation,2
Feature:Serialization/edit,2
Generated%20code/create_new_page_confirmation,2
Generated_code/create_new_page_confirmation,2
Interpolation/create_new_page_confirmation,2
Feature:Concrete_Syntax,2
Interpret%5EO/create_new_page_confirmation,2
Java,2
Language:FOAF/create_new_page_confirmation,2
Language:FSML/create_new_page_confirmation,2
Feature:Graph%20rendering/create_new_page_confirmation,2
Language:FSharp,2
Feature:Graph%20editing/edit,2
Feature:Graph%20editing/create_new_page_confirmation,2
Feature:Flat%20company/edit,2
Feature:Dynamic%20semantics/create_new_page_confirmation,2
Language:JML,2
Feature:Graph_rendering,2
Language:Java2/create_new_page_confirmation,2
Feature:Data_parallelism,2
Language:MPS-Generator_Language/create_new_page_confirmation,2
Language:MPS-Structure_Language/create_new_page_confirmation,2
Language:MPS-Test_Language/create_new_page_confirmation,2
Language:MPS-Type_System_Language/create_new_page_confirmation,2
Language:NABL/create_new_page_confirmation,2
Feature:Data%20parallelism/edit,2
Language:OCL,2
Feature:Concrete_syntax/create_new_page_confirmation,2
Language:Lambda_calculus/create_new_page_confirmation,2
Language:Ecore%20XMI/create_new_page_confirmation,2
Feature:Graphical_syntax/create_new_page_confirmation,2
Language:DOT/create_new_page_confirmation,2
Java:java.lang.annotation,2
Feature:Projectional_syntax/create_new_page_confirmation,2
Language,2
Feature:Piggyback2/create_new_page_confirmation,2
Language:101meta,2
Feature:Piggyback/create_new_page_confirmation,2
Feature:Model%20projection/create_new_page_confirmation,2
Language:AIRD/create_new_page_confirmation,2
Feature:Mapping,2
Language:ANTLR3,2
Language:ANTLR4/create_new_page_confirmation,2
Feature:Logging/edit,2
Feature:Language_implementation,2
Feature:Language%20implementation/create_new_page_confirmation,2
Language:DCG,2
Feature:Job_role,2
Feature:Interpretation2/create_new_page_confirmation,2
Language:DCG/create_new_page_confirmation,2
Feature:Interpretation/create_new_page_confirmation,2
Feature:Hierarchical_company/create_new_page_confirmation,2
Feature:Grouping,2
Interpreter,2
101:@contributor,2
SOAP,2
Perspective:Implementation/create_new_page_confirmation,2
Tree_Walker/create_new_page_confirmation,2
Tuple,2
Type:Concept,2
Type:Contribution,2
Type:Function,2
Type:Function/create_new_page_confirmation,2
Type:Technologies/create_new_page_confirmation,2
UI_requirement,2
URI/create_new_page_confirmation,2
Unlifting/create_new_page_confirmation,2
Viewpoint/create_new_page_confirmation,2
Visitor/create_new_page_confirmation,2
Tree-based_abstract_syntax/create_new_page_confirmation,2
Visual_syntax,2
Web_browser,2
Web_publishing,2
Xtext_Grammar/create_new_page_confirmation,2
admin/users/195/edit,2
admin/users/196/edit,2
books,2
example/create_new_page_confirmation,2
foobar/create_new_page_confirmation,2
local_scope/create_new_page_confirmation,2
new_underlanding/create_new_page_confirmation,2
newlanding/create_new_page_confirmation,2
page_changes/diff/15349/15350,2
Vocabulary:MDE,2
page_changes/diff/15482/15483,2
Tree%20Walker/edit,2
Transformation_language,2
Technology:Sirius/create_new_page_confirmation,2
Technology:Smack,2
Technology:Specs/create_new_page_confirmation,2
Technology:Spoofax/create_new_page_confirmation,2
Technology:TemplateHaskell/create_new_page_confirmation,2
Technology:TypeScript/create_new_page_confirmation,2
Technology:WEBrick,2
Technology:Windows,2
Technology:foobar,2
Technology:jQuery,2
Technology:java.io,2
Technology:javac/edit,2
Tree,2
Technology:jaxbChoice/create_new_page_confirmation,2
Technology:prologSyb/create_new_page_confirmation,2
Technology:sbt/create_new_page_confirmation,2
Technology:scalameta/create_new_page_confirmation,2
Technology:syb/create_new_page_confirmation,2
Template_language/create_new_page_confirmation,2
Template_processing,2
Template_processing/create_new_page_confirmation,2
Textual_syntax/create_new_page_confirmation,2
Theme:MDE,2
Token,2
Token/create_new_page_confirmation,2
Transformation_Rule/create_new_page_confirmation,2
Technology:log4j,2
Technology:Silverlight,2
page_changes/diff/15483/15484,2
page_changes/diff/15615/,2
resources/contribution-antlrtrees,2
resources/contribution-pyvisitors,2
resources/language-101meta,2
resources/language-haskell,2
resources/language-java,2
resources/language-python,2
resources/language-sql,2
resources/language-xquery,2
resources/query_language,2
resources/technology-jpa,2
resources/wikipage-contribution-pyvisitors,2
scalameta/create_new_page_confirmation,2
resources/concept-feature,2
scripts/Abstract_data_type,2
scripts/Contribution:xsdDataSet,2
scripts/Linear%20search,2
scripts/Script:Aspect-oriented_programming,2
scripts/Script:Functors_and_friends,2
scripts/Script:Higher-order_functions_in_Haskell,2
scripts/Script:Type-class_polymorphism,2
scripts/Technology:Haddock,2
scripts/Technology:SAX,2
test/create_new_page_confirmation,2
test_page/create_new_page_confirmation,2
testpage/create_new_page_confirmation,2
undefined/create_new_page_confirmation,2
scripts/Contribution:mongodb,2
page_changes/diff/15484/15497,2
resource/zip,2
resource/theme-scrap_your_boilerplate,2
resource//101worker,2
resource/101contributions,2
resource/101module,2
resource/101rails,2
resource/concept,2
resource/concept-geolocation,2
resource/contribution-dom,2
resource/contribution-haskellStarter,2
resource/contribution-haskellstarter,2
resource/contribution-haskellwriter,2
resource/contribution-pythonsyb,2
resource/contribution-sqlitesingle,2
resource/wikipage-technology-sqlite,2
resource/contributions,2
resource/java,2
resource/language-java,2
resource/language-markdown,2
resource/language-sql,2
resource/languange,2
resource/namespace,2
resource/programming_language,2
resource/resource,2
resource/resource_lang,2
resource/skel,2
resource/technology-dom,2
resource/technology-sqlite,2
resource/feature,2
Perspective:Build/create_new_page_confirmation,2
Technology:Seaside,2
Technology:Scala/create_new_page_confirmation,2
Property:memberOf/create_new_page_confirmation,2
Property:partOf,2
Property:partOf/create_new_page_confirmation,2
Property:requires,2
Property:versionOf,2
Property:versionOf/edit,2
Quote,2
Reduction/create_new_page_confirmation,2
Reference/create_new_page_confirmation,2
Reference_equality,2
Document:Design_patterns,2
SWT/create_new_page_confirmation,2
Property:managedBy/create_new_page_confirmation,2
Scala/create_new_page_confirmation,2
Script:The_Expression_Problem,2
Section/create_new_page_confirmation,2
Section:Description/create_new_page_confirmation,2
Section:Details/create_new_page_confirmation,2
Section:Headline/edit,2
Section:Illustration,2
Section:Metadata/edit,2
Section:Quot/create_new_page_confirmation,2
Section:Quote,2
Section:Quote/create_new_page_confirmation,2
Semantic_action,2
Semantic_annotation/create_new_page_confirmation,2
Script:Higher-order%20functions%20in%20Haskell/edit,2
Serialization,2
Property:isa/create_new_page_confirmation,2
Property:instanceOf/create_new_page_confirmation,2
Perspective:Meta/create_new_page_confirmation,2
Perspective:build/create_new_page_confirmation,2
Perspective:data,2
Perspective:data/create_new_page_confirmation,2
Perspective:implementation/create_new_page_confirmation,2
Perspective:test/create_new_page_confirmation,2
Platform,2
Priority_queue/create_new_page_confirmation,2
Program%20analysis/create_new_page_confirmation,2
Program%20transformation/create_new_page_confirmation,2
Program_generator,2
Programming_paradigm,2
Property:isA/create_new_page_confirmation,2
Projectional_Editing/create_new_page_confirmation,2
Property:defines/create_new_page_confirmation,2
Property:developedBy/create_new_page_confirmation,2
Property:documentedBy/create_new_page_confirmation,2
Property:facilitates/edit,2
Property:hasOptional/edit,2
Property:hasRange,2
Property:hasSection,2
Property:hasSection/create_new_page_confirmation,2
Property:identifies,2
Property:identifies/create_new_page_confirmation,2
"Property:implements,/create_new_page_confirmation",2
Property:implements/edit,2
Property/create_new_page_confirmation,2
Technology:ScalaTest/create_new_page_confirmation,2
Software%20transformation/create_new_page_confirmation,2
Static%20Annotation/create_new_page_confirmation,2
Technology:Haxe,2
Technology:Haxe/edit,2
Technology:JDK,2
Technology:JFace/create_new_page_confirmation,2
Technology:JNDI,2
Technology:JPA/edit,2
Technology:Jackson_JSON_Processor,2
Technology:Javassist,2
Technology:MPS/create_new_page_confirmation,2
Technology:NativeScript/create_new_page_confirmation,2
Technology:NativeScript/edit,2
Technology:Nix,2
Technology:GNU_make,2
Technology:OpenOfficeCalc/create_new_page_confirmation,2
Technology:Quickcheck/create_new_page_confirmation,2
Technology:Quickchecl/create_new_page_confirmation,2
Technology:Racket,2
Technology:Rascal.vis/create_new_page_confirmation,2
Technology:Rascal/create_new_page_confirmation,2
Technology:React/create_new_page_confirmation,2
Technology:ReactJS/create_new_page_confirmation,2
Technology:ReactNative/create_new_page_confirmation,2
Technology:ReactNative/edit,2
Technology:RubyEventmachine/create_new_page_confirmation,2
Technology:SLF4J,2
Technology:SQLite,2
Technology:Phusion%20Passenger/edit,2
Software_feature,2
Technology:GMF/create_new_page_confirmation,2
Technology:EMF/edit,2
Static_annotation/create_new_page_confirmation,2
Streaming,2
Struct/create_new_page_confirmation,2
Subtype,2
Subtype_polymorphism,2
Syntax%20definiton/create_new_page_confirmation,2
Syntax_tree,2
System:FSML/create_new_page_confirmation,2
Tag:Synonym,2
Task_parallelism,2
Technical_segment,2
Technology,2
Technology:Ecore,2
Technology:/create_new_page_confirmation,2
Technology:ATL/create_new_page_confirmation,2
Technology:Acceleo/create_new_page_confirmation,2
Technology:Android_Development_Tool,2
Technology:Apache_HTTP_Server,2
Technology:ArgoUML,2
Technology:Avalon,2
Technology:Boost/create_new_page_confirmation,2
Technology:CGI/edit,2
Technology:CMake/edit,2
Technology:CUP,2
Technology:CouchDB,2
Technology:CouchDB/create_new_page_confirmation,2
Technology:ANTLR3/create_new_page_confirmation,2
Document:Design%20patterns/edit,2
wiki%2F101project/create_new_page_confirmation,2
Concept:Application_domain,2
Contribution:perl,2
Concept:Android_Resource,2
Concept:Anonymous_function,2
Contribution:moose,2
Document-oriented_database,2
Contribution:linq2DataSet,2
Contribution:coq,2
Contribution:jsTree,2
Contribution:clojureRefs,2
Contribution:jrubyfx,2
Contribution:csharpAspNetMvc,2
Contribution:jpa/edit,2
Concept:Software_feature,2
Contribution:jpa/create_new_page_confirmation,2
Concept:Compiler,2
Concept:Control-flow_graph,2
Contribution:ef,2
Concept:Software_artifact,2
Concept:Bounded_polymorphism,2
Concept:Alternative_feature,2
Concept:Subtyping,2
Contribution:bottle2,2
Concept:Type,2
Capability,2
Case_Class/create_new_page_confirmation,2
Catamorphism,2
Contribution:xquery,2
Concept:Total_order,2
Class_inheritance,2
Concept:Template_processing,2
Contribution:tabaluga,2
Concept:101contributor,2
Contribution:sqlServer,2
Contribution:basicLb,2
Concept:Template_metaprogramming,2
Concept:101repo,2
Contribution:bottle,2
Concept:Syntax_tree,2
Concept:Active_record,2
Concept:Syntactic_sugar,2
Concept:Syntactic_category,2
Contribution:jmsPointToPoint/create_new_page_confirmation,2
Build_manegement/create_new_page_confirmation,2
Contribution:emfReflexive,2
Concept:DistributedComputing,2
Concept:Parallelism,2
Concept:Heap,2
Concept:Higher-order_function,2
Concept:Higher-order_functions_in_Haskell,2
Concept:POJO,2
Concept:In-memory_XML_processing,2
Concept:Indexing,2
Concept:Open_serialization,2
Concept:Grammarware,2
Concept:Namespace,2
Contribution:html5XMLHttpRequest,2
Contribution:hibernate2,2
Contribution:hibernate/edit,2
Concept:List_type,2
Contribution:hbase,2
Contribution:haskellTree/edit,2
Concept:Module,2
Concept:Metamodeling,2
Concept:Multi-paradigm_programming_language,2
Concept:Parser_generation,2
Concept:Goto,2
Concept:Functors_and_friends,2
Contribution:jgralab,2
Concept:SYB,2
Contribution:jdomHttp,2
Concept:Run-time_quality,2
Concept:Equality,2
Contribution:fsharp,2
Concept:Resource,2
Concept:Requirement,2
Concept:Fibonacci_number,2
Contribution:jaxb/create_new_page_confirmation,2
Concept:Filter_function,2
Concept:QT,2
Concept:Fmap_function,2
Contribution:javaStringTemplate,2
Concept:Function_composition,2
Concept:Function_definition,2
Concept:Programming_language,2
Concept:Partial_application,2
Contribution:javaObserver,2
Concept:Development-time_quality,2
Build_management,2
Concept:Modeling_language,2
Contribution:antlrObjects,2
Contributor:martinleinberger,2
Contributor:mastermaiknemo,2
@worker,2
API,2
Contributor:rlaemmel,2
AST-/create_new_page_confirmation,2
Concept:UI_requirement,2
Abstract_Syntax/create_new_page_confirmation,2
Context-free_syntax,2
Contribution:Topic_analysis,2
Abstraction_mechanism,2
Const-correctness,2
Assertion,2
Architectural_pattern,2
Course:Lambdas_at_Uva/create_new_page_confirmation,2
Algebraic%20signature/create_new_page_confirmation,2
Annotation_language/create_new_page_confirmation,2
Annotation_language,2
Concrete_syntax_tree,2
Data_exchange,2
Algebraic%20signature/edit,2
Concrete_syntax_definition/create_new_page_confirmation,2
Cut/edit,2
Anamorphism,2
Concrete_syntax_definition,2
Concept:Variant_type,2
Contribution:antlr4Lexer,2
Batch/create_new_page_confirmation,2
6598/create_new_page_confirmation,2
Cut,2
Boilerplate_code,2
Contributor:DmiN05,2
Contributor:Hakan%20Aksu/create_new_page_confirmation,2
Bind_function,2
Contributor:DerDackel,2
Contributor:arkadi-schmidt,2
Contributor:grammarware,2
Contributions/create_new_page_confirmation,2
101companies:License/create_new_page_confirmation,2
Contribution:JavaFXFlatcompany,2
Contributor:Nils%20Breest/edit,2
Concept:Type-class_polymorphism,2
Contribution:101hadoop/create_new_page_confirmation,2
Contribution,2
101companies/create_new_page_confirmation,2
Technology:Hadoop,3
Concept:Function,3
Multithreading,3
Contribution:javaTree,3
Technology:EJB,3
Language:Datalog,3
Technology:Java_misc,3
Halting_problem,3
Setter,3
Contribution:happstack,3
Technology:Velocity,3
Algebraic_signature,3
Language:FOAF,3
Technology:XAMPP,3
Technology:XOM,3
Contribution:haskellSyb,3
Technology:basename,3
101:@worker,3
Namespace:Property/edit,3
IDE_Creation,3
Objectware,3
scripts/Imperative%20data%20structure,3
@project,3
Numeric_algorithm,3
Concept:Imperative_data_structure,3
Encapsulation/create_new_page_confirmation,3
Contribution:javaInheritance,3
Technology:Puma,3
101contributor,3
Technology:foobar/create_new_page_confirmation,3
Contribution:javaLexer,3
Interface/create_new_page_confirmation,3
Concept:Haskell_genericity,3
Concept:List,3
scripts/101repo,3
Technological_space/create_new_page_confirmation,3
Language:BSON,3
Technology:RubyEventmachine,3
Language:CSharp,3
Contribution:javaParseLib,3
Concept:Polymorphic_type,3
IO_system,3
Technology:Dancer,3
Technology:Django/edit,3
Data_model,3
McCarthy_91_function/create_new_page_confirmation,3
Divide_and_conquer_algorithm,3
page_changes/create_new_page_confirmation,3
Android_Menu,3
Perspective:Meta,3
Property:addresses/create_new_page_confirmation,3
Concept:Text_to_Model_transformation,3
MVC,3
Contribution:luaC,3
Auxiliary_XMLware,3
Contributor:mmonschau,3
Feature:Resolution,3
Memory_management,3
Fibonacci_number,3
B%C3%B6hm-Jacopini%20theorem/edit,3
Concept:Abstraction,3
Large_banana,3
Reflection,3
Contribution:antlr4Objects,3
XMLware,3
Concept:Modularization,3
Functional%20constructor/edit,3
Contribution:egl,3
Contribution:pyVisitors,3
Concept:Serialization,3
Feature:Logging,3
Feature:Browsing,3
Language:UML,3
Parser_generation,3
Method_Chaining,3
Contribution:mps,3
Contribution:erlang,3
Feature:Text-to-ASG,3
Concept:Scripting_language,3
Technology:CGI,4
Property:childOf,4
Technology:Apache_XML,4
Concept:Type_constraint,4
Property:similarTo,4
Median,4
Contribution:aspectJ,4
Language:Lua,4
Concept:Type-class_constraint,4
Contribution:atl,4
Property:hasDomain,4
Manual_memory_management,4
Contribution:101kafka/,4
Concept:Monad,4
Property:documentedBy/edit,4
Macro,4
Concept:Testing,4
Namespace:Theme,4
Technology:CounterClockwise/create_new_page_confirmation,4
Local_scope/create_new_page_confirmation,4
Language:Lambda_calculus,4
Concept:Type-class_instance,4
Property:documentedBy,4
Language:MPS-Base%20Language/create_new_page_confirmation,4
Primitive_recursion/create_new_page_confirmation,4
Technology:AWT,4
Concept:Package,4
Perspective:capture/create_new_page_confirmation,4
Concept:Software_engineering,4
Structured%20Editor/create_new_page_confirmation,4
Language:Xtext/create_new_page_confirmation,4
Struct,4
Contribution:dph,4
Contribution:h2jdbcOne,4
Multiple_recursion/create_new_page_confirmation,4
Language:XSD,4
Script:Selected_design_patterns,4
Contribution:gra2mol,4
Semantic%20action/create_new_page_confirmation,4
Section:Details,4
Contribution:fsdfs,4
Section:Motivation,4
Language:jinja2/create_new_page_confirmation,4
Concept:Type_system,4
Concept:Software_system,4
Language_Extension,4
Concept:Package_management_system,4
Property:supports,4
Concept:Parametric_polymorphism,4
Contribution:cobol,4
Palette,4
Technology:101worker,4
Quasi-Quotation/create_new_page_confirmation,4
Namespace:101,4
Record,4
Recursive_function/create_new_page_confirmation,4
Concept:Uncurrying,4
Tableware/create_new_page_confirmation,4
Contribution:cpp,4
Language:Prolog,4
Concept:Program,4
Perspective:implementation,4
POJO,4
Technology:SWT/create_new_page_confirmation,4
Technology:Guava,4
Contribution:wxHaskell,4
Feature:Replacement,4
new_landing/create_new_page_confirmation,4
new_page/create_new_page_confirmation,4
Feature:Projectional%20Syntax/create_new_page_confirmation,4
Feature:Persistence,4
Contribution:wcf,4
Feature:Parsing/edit,4
page_changes/diff/15818/,4
Feature:Model,4
resource/101linkeddata,4
resource/behavior,4
Feature:Interpretation/edit,4
resource/concept-feature,4
page_changes/diff/15497/,4
Binary_recursion/create_new_page_confirmation,4
admin/users/146/edit,4
Contribution:rubyonrails,4
Type:Type,4
Type:URI,4
Type_checking,4
Technology:GitHub,4
Feature:Translation_semantics/create_new_page_confirmation,4
Type_inference,4
Contribution:simplejdbc/create_new_page_confirmation,4
Feature:Text-to-model,4
Contribution:php,4
Contribution:py3k,4
Feature:Static_semantics,4
Contribution:pythonDjango,4
Feature:Staging,4
Concept:Algorithm,4
Concept:Amortized_analysis,4
Feature:Graphical_syntax,4
Feature:Graphical_Syntax,4
Feature:Graphical%20Syntax/edit,4
resources/language-megal,4
Feature:ASG,4
Feature:API/create_new_page_confirmation,4
resources/script,4
resources/technology,4
Extensible_Programming,4
resources/language-hql,4
Abstract_syntax_tree,4
101technology,4
scripts/Technology:LogicBlox,4
101data,4
Document:LaemmelO06,4
Design_patterns,4
101:@project,4
@system,4
resources/language-atl,4
Feature:Abstraction/create_new_page_confirmation,4
Feature:Access_control,4
Batch_Sequential,4
Contributor:kevin-klein,4
Batch,4
Feature:Editing,4
Feature:Dynamic_semantics,4
resource/genlinkeddata,4
resource/language-c,4
resource/language-html,4
Feature:Cut/edit,4
Applicative_functor,4
Feature:Compilation,4
resources/101,4
resources/contribution-hibernate,4
resources/contribution-html5indexeddatabase,4
resources/feature,4
Concept:Bidirectional_transformation,4
Type:Artifact,4
Contribution:jxpath,4
Fluent_API,4
Graph_visualization,4
Technology:Tidy,4
Technology:Struts,4
Heap,4
Hello_world_program,4
Fluent%20API/create_new_page_confirmation,4
Concept:Function_application,4
IO_behavior,4
Technology:SYB/create_new_page_confirmation,4
Namespace:Property/create_new_page_confirmation,4
Concept:Functional_data_structures,4
Technology:SAX/edit,4
Implicit_Conversion,4
Concept:Functional_requirement,4
Concept:Grammar,4
Technology:Rascal,4
Technology:R/create_new_page_confirmation,4
Concept:Haskell_package,4
Internal:FrontPage/edit,4
Concept:Higher-kinded_polymorphism,4
Technology:Pharo,4
Java:javax.swing,4
Technology:Moops,4
Concept:Interpreter,4
Contribution:html5ajax,4
Concept:Lambda_abstraction,4
Technology:Haskell_Platform,4
Language:DatalogLB,4
Technology:HTTP,4
Technology:Visual_Studio,4
Concept:External_DSL,4
Contribution:javaSyb,4
Goto_elimination/create_new_page_confirmation,4
Type:Any,4
Concept:Build_tool,4
Concept:Case_expression,4
Transcompiler,4
Concept:Context-free_grammar,4
Theme:Haskell_potpourri,4
Theme:Haskell_genericity,4
Grammar_language,4
Concept:Currying,4
Concept:Data_constructor,4
Concept:Data_modeling,4
Template_language,4
Contribution:ForkBomb,4
Technology:xsd.exe,4
Concept:Doubly_linked_list,4
Technology:Zend_framework,4
Concept:Data_structure,4
Template%20processing/create_new_page_confirmation,4
Concept:Accumulator_parameter,5
Concept:Recursion_removal,5
Object-XML_mapping,5
scripts/101project,5
Concept:Tuple_type,5
Technology:JMF,5
Technology:DPH,5
Contribution/create_new_page_confirmation,5
Concept:Local_scope,5
Concept:Factorial,5
Concept:Maybe_monad,5
Reverse_Polish_notation,5
Concept:List_comprehension,5
Technology:JavaMail,5
Technology:BSF,5
Type_class_Ord,5
Technology:NUnit,5
SYB,5
Concept:Divide_and_conquer_algorithm,5
Concept:Scrap_your_boilerplate,5
Property:subsetOf,5
Combinator,5
Technology:jsTree,5
Concept:Singly_linked_list,5
Concept:Unparsing_and_parsing_in_Haskell,5
Technology:101explorer,5
Attribute/create_new_page_confirmation,5
Concept:Data_requirement,5
Perspective:test,5
Concept:Java_Language_Specification,5
Script:Aspect-oriented_programming,5
Concept:Structural_equality,5
Contribution:haskellSpec,5
Contribution:hadoop,5
Feature:Graph_editing,5
Feature:Conversion,5
Functional_data_structures,5
Contribution:akkaActor,5
Imperative_data_structure,5
Contribution:antlr4Parser,5
First_steps_in_Haskell,5
Language:MegaL,5
Contribution:antlrLexer,5
Contribution:PrimeFaces,5
Functors_and_friends,5
Feature_modeling,5
Contributor:Nils_Breest,5
Namespace:Course,5
Contribution:h2jdbcMany,6
Concept:Reverse_Polish_notation,6
Interpolation,6
Contribution:fsdf,6
Internal_DSL,6
Concept:Towers_of_Hanoi,6
Factory,6
Feature:Distribution,6
Visitor,6
Concept:Greatest_common_divisor,6
Getter,6
Annotation,6
Type_system,6
Language:Xtext_Grammar,6
Viewpoint,6
Language:jinja2,6
Feature:Company,6
Feature:Text-to-CST,6
Resource,6
Feature:Abstract_syntax,6
Concept:Software_technology,6
Concept:Fluent_API,6
Push-based_XML_parsing,6
Lexical_Token,6
admin/users/197/edit,6
Reference_relationship,6
Concept:Fold_function,6
Concept:Sorting_problem,6
Reduction,6
Technology:Scala,6
Ad-hoc_polymorphism,6
Software_system,6
Java_annotation,6
Feature:Open_serialization,6
Language:CPlusPlus,6
Contribution:haskellFlattened,6
Case_Class,6
Contribution:haskellLambda,6
Feature:Semantic_domain,6
Contribution:simpleAndroid,6
Concept:Non-strict_evaluation,6
Technology:Hibernate,6
Concept:Non-functional_requirement,6
Concept:Map_function,6
Technology:CMake,6
Language:MPS-Base_Language,6
Feature:Projectional_Syntax,6
Concept:Merge_sort,6
Technology:Document-oriented_database,6
Technology:Email,6
Concept:101wiki,6
Language:Markdown,6
Concept:Parsing_problem,6
resource/101,6
resources/wikipage-technology-jpa,6
resource/concept-101data,6
Spaghetti_code/create_new_page_confirmation,6
Concept:Record_type,6
Lambda_calculus,6
Concept:Programming_paradigm,6
Structural%20editor/create_new_page_confirmation,6
Technology:Maven,6
Concept:Recursive_descent_parser,6
Language:R,6
Tree-based_abstract_syntax,6
Technology:Java_platform,6
Contribution:javaComposite,6
resource/101contribution,6
Vocabulary:Software_engineering,6
System:FSML,6
Concept:Pattern_matching,6
resource/101companies,6
Contribution:xtext,6
Contribution:aquarium,6
Tree_Walker,6
Property:defines,6
Concept:Type_inference,6
Technology:java.lang.reflect,6
Program,6
Technology:javac,6
Concept:Unit_testing,6
Perspective:capture,6
Concept:Data_parallelism,6
Contribution:antlr4ParseTreeListener,6
Perspective:Data,6
Type:String,6
Textual_syntax,6
Fold,6
Domain-specific_language,6
Package_management_system,6
Contribution:antlr4Acceptor,6
Function_Sequence,6
Name_binding,6
Theme:Scrap_your_boilerplate,6
Object-program_representation,6
Contribution:UIQt,6
Concept:Constructor_component,6
101project/edit,6
scripts/Script:Unparsing_and_parsing_in_Haskell,6
101license/create_new_page_confirmation,6
Transformation_Rule,6
Documentation_generation,6
101companies:Web_server,6
Design_pattern,6
Namespace:Language/edit,6
Concept:Type_generalization,6
Programming_idiom,6
Language_Embedding,6
Property:addresses,6
Concept:Type_class,6
Information:Translate,7
Eager_evaluation,7
Concept:B%C3%B6hm-Jacopini_theorem,7
Feature:Interpretation,7
Decorator_pattern,7
Technology:JSF,7
Contribution:jdbc2,7
Exception,7
Contribution:atlTotalPlugin,7
Technology:LogicBlox,7
Concept:Software_language,7
Concept:Testing_framework,7
Feature:Text_projection,7
Package,7
resource/101repo,7
Language:XSLT,7
Concept:Abstract_data_type,7
Concept:Syntax,7
Course:Programming_in_Koblenz,7
Concept:Acceptor,7
Ad-hoc%20polymorphism/edit,7
Contribution:mySqlOne,7
Concept:Zip_function,7
Concept:Type_checking,7
Technology:Bouncy_Castle,7
Property:memberOf,7
Technology:Phusion_Passenger,7
Namespace:System,7
Contribution:emfGenerative,7
Concept:Structured_programming,7
Document:Okasaki96,7
Batch_file,8
resource/101system,8
Contribution:javaJsonHttp,8
Technology:MongoDB,8
Static_Annotation,8
Static_annotation,8
Functional%20constructor/create_new_page_confirmation,8
Static%20annotation/create_new_page_confirmation,8
Contribution:h2jdbcManySum,8
resource/101wiki,8
Contribution:zend,8
Concept:Algebraic_data_type,8
Set,8
Programming_language,8
scripts/Script:Basic_software_engineering_for_Haskell,8
Vocabulary:Programming,8
Compiler,8
Concept:Call-by-value_evaluation,8
Contribution:xom,8
Feature:Projectional_syntax,8
Contribution:springBootMicroservice,8
Concept:Newtype,8
Megamodel,8
Language:MPS-Generator_Language,8
Documentation_generator,8
Concept:Either_type,8
Acceptor,8
Concept:Parse_tree,8
Technology:ATL,8
101repo,8
Language:NABL,8
Concept:Lazy_evaluation,8
Build_tool,8
Object-Relational_mapping,8
Theme:Starter,8
Theme:Python_potpourri,8
Technology:Java_SE,8
Concept:Polymorphism,8
Function_application,8
scripts/Rose_tree,8
Contribution:fadfdsf,8
Language:Sirius_viewpoint_specification,8
Amortized_analysis,8
Inline_Macro,8
Property:managedBy,8
Language_implementation,8
Information:Presentations,8
Feature:Closed_serialization,8
Information:Download,8
Concept:Algorithmic_problem,8
Implicit_conversion,8
Language:StringTemplate,8
Contribution:jsf,8
Feature:Concrete_syntax,8
Contribution:dancer,8
Projectional_Editing,8
Concept:Functional_programming,8
Reference,8
Contribution:pythonSyb,8
Concept:Functional_data_structure,8
Reader_monad,8
Contribution:c,8
Searching_and_sorting_in_Haskell,8
REST,8
Higher-order_functions_in_Haskell,8
Feature:Abstraction,8
Technology:Sinatra,8
Lexical_syntax,8
Concept:Type_constructor,8
resource/haskell,8
Feature:Syntax,8
AST,8
unverified,9
Model_transformation,9
Language:FSML,9
Proxy_pattern,9
Contribution:antlrTrees,9
Language:JavaScript,9
Property:hasOptional,9
Namespace:Type,9
Vocabulary:Software_language_engineering,9
Concept:Functional_constructor,9
Concept:Sorting_algorithm,9
Section:Metadata,9
Abstract_syntax,9
Concept:Immutable_list,9
Modularity,9
Feature:Day_of_birth,9
Singleton_pattern,9
Contribution:jsSyb,9
Concept:Semantic_equality,9
Functional_constructor,9
Theme:Haskell_data,9
Concept:Skew_heap,9
Language:SDF3,9
Script:Generic_functions,9
Metamodel,10
Documentation,10
Feature:API,10
Data_requirement,10
Concept:Eagerness,10
Concept:Strict_evaluation,10
Contribution:haskellList,10
admin/users,10
Testing_framework,10
Contribution:haskellMonoid/,10
Guard,10
Section:Description,10
Concept:Binary_search_tree,10
Contribution:haskellVariation,10
Feature:Piggyback,10
Document:Handbook_of_data_structures_and_applications,10
Abstract_syntax_definition,10
Technology:Gson,10
Lifting,10
Concept:Search_algorithm,10
Language:TypeScript,10
Technology:Graphviz,10
Semantic_annotation,10
Technology:Qt,10
Language:RAR,10
Feature:Analysis,10
Feature:Code_generator,10
Language:Racket,10
Property:isA,10
101worker,10
Contribution:jaxbSubstitution,10
Concept:Data_variation,10
ATL_plugin,10
resources/contribution,10
Technology:NativeScript,10
Concrete_syntax,10
Technology:.NET,10
Property:hasMandatory,10
Perspective:Implementation,10
Property:implements,10
Technology:JFace,10
Concept:List_monoid,10
Local_scope/edit,10
Language:MPS-Type_System_Language,10
OO_programming,10
Contribution:atlPluginUsage,10
Concept:Information_hiding,11
Technology:TemplateHaskell,11
Transformation,11
Concept:Maybe_type,11
Generated_code,11
Contribution:javaParser,11
Contribution:javaMessaging,11
Vocabulary:Functional_programming,11
Feature:Serialization,11
Type_signature,11
Towers_of_Hanoi,11
Functional_programming,11
admin/users/147/edit,11
Language:HTML,11
Concept:Type_synonym,11
Syntax_definition,11
Concept:Technology,11
Algorithm,11
Observer_pattern,11
Multiset,11
Language:Rascal,11
Property:instanceOf,11
Concept:Quicksort,11
Contribution:antlr4ParseTreeVisitor,11
101explorer,11
Concept:Single_recursion,11
Dictionary,11
Basic_data_modeling_in_Haskell,11
Parser_combinator,12
Technology:Sirius,12
System:101,12
Concept:Pretty_printing,12
Contribution:javaComposition,12
Concept:Writer_monad,12
Language:XPath,12
Contributor:hakanaksu,12
Contribution:javaMessagingSubscription,12
Unparsing_and_parsing_in_Haskell,12
Concept:Functor,12
Haskell_package,12
Algorithmic_problem,12
Language:Xtext,12
Concept:Product_monoid,12
Feature:Semantics,12
Concept:Visitor_pattern,12
Language:ATL,12
Concept:Monoid,12
Fold_algebra,12
Concept:Nominal_typing,12
Language:MPS-Editor_Language,12
List_type,12
Property:linksTo,12
Feature:AST,12
Technology:JDBC,12
Contribution:antlrAcceptor,12
Contribution:atlCutPlugin,12
Function,12
Metaprogramming,12
Technology:ANTLR3,12
Technology:xjc,12
Scrap_your_boilerplate,13
Concept:Search_problem,13
Function_composition,13
Technology:QuickCheck,13
Feature:Ranking,13
Software_concept,13
Non-functional_requirement,13
Technology:Xalan-Java,13
Lambda_abstraction,13
Technology:USE,13
Technology:DOM,13
Concept:Observer_pattern,13
Namespace:Perspective,13
Lexer,13
Concept:Type_signature,14
Technology:StringTemplate,14
Feature:Unparsing,14
Property:uses,14
Concept:Structural_typing,14
scripts/Course:Lambdas_at_UvA,14
Persistence,14
Method,14
URI,14
Language:Xtend,14
Contribution:javaReflection,14
Contribution:haskellRecord,14
Contribution:dom,14
Contribution:mySqlMany,14
scripts/Course:Lambdas_in_Koblenz,14
Technology:SWT,14
Contribution:haskellBarchart,14
Feature:Restructuring,14
Concept:Parser,14
System:Company,14
Feature:History,14
Function_definition,14
Contribution:javaVisitor,15
Technology:csc.exe,15
Concept:Median,15
Feature:Mentoring,15
Feature:Model_projection,15
101simplejava,15
scripts/Script:Data_modeling_in_Haskell,15
Testing,15
Recursion_removal,15
Technology:MySQL,15
resource/language,15
resource/contribution,15
scripts/Contribution:antlr4ParseTreeVisitor,15
OO_interface,15
Technology:Ruby_on_Rails,15
Anonymous_function,15
Tuple_type,15
Technology:Acceleo,16
Contribution:xslt,16
Language:MPS-Structure_Language,16
XML_processing,16
Contributor:tschnitzler1976,16
Concept:Sum_monoid,16
Equality,16
Technology:JAXP,16
Concept:Command_pattern,16
Contribution:haskellData,16
Concept:Composite_pattern,16
Context-free_grammar,16
Language:ANTLR,16
Language:AIRD,16
Quasi-quotation,16
Software_technology,16
Iteration,16
Concept:Combinator_library,16
Basic_software_engineering_for_Haskell,16
Technology:HackageDB,16
resource/language-haskell,17
External_DSL,17
Information_hiding,17
Technology:Django,17
Web_UI_REST_API,17
Language:XML,17
Unit_testing,17
Technology:ReactNative,17
Theme:Java_mapping,17
Visitor_pattern,17
Functional_requirement,18
Theme:Haskell_introduction,18
Total_order,18
Type_constructor,18
Composite_pattern,18
Product_monoid,18
Language:Ecore_XMI,18
Contribution:haskellTree,18
Concept:Parser_combinator,18
Software_language,18
Software_engineering,18
Binary_search_tree,18
Bidirectional_transformation,18
Language:XMI,18
Technology:Rascal.vis,18
IDE,18
Feature:Median,18
Contribution:jaxbExtension,18
Concept:Foldable_type,18
Data_parallelism,18
Contribution:jdbc,18
Contribution:argoUML,18
Uncurrying,18
Property:sameAs,18
Feature:COI,19
Technology:React,19
Case_expression,19
Contribution:haskellProfessional,19
Technology:EMF,19
Contribution:haskellMonoid,19
Concept:Unparsing,19
Type_synonym,19
Technology:Gradle,19
Template_method_pattern,19
Technology:Haddock,20
Technology:JSON_Schema,20
Newtype,20
Contribution:antlrParser,20
List_comprehension,20
Modularization,20
Associative_array,20
Partial_application,20
Language:Python,20
Higher-kinded_polymorphism,21
Concept:Proxy_pattern,21
Language:Ecore,21
Contribution:mongodb,21
Code_generation,21
Bounded_polymorphism,22
Data_structure,22
101wiki,22
Namespace:Property,22
Structured_Editor,22
Maybe_monad,22
Perspective:Capture,22
Language:MPS-Test_Language,22
Concept:Singleton_pattern,22
Contribution:hibernate,22
Constructor_component,22
resource/101contributor,23
Sum_monoid,23
Unparser,23
some_new_page/create_new_page_confirmation,23
Functional_programming_language,23
Perspective:Test,24
Parsing_problem,24
Local_scope,24
Accumulator_parameter,24
Functional_data_structure,24
Filter_function,24
Zip_function,25
Concept:Unparser,25
Feature:Depth,25
Record_type,25
Abstract_factory_pattern,25
Language:C,25
Either_type,26
Technology:Template_Haskell,26
Adapter_pattern,26
List_monoid,26
Concept:Parsing,26
Technology:Xtext,26
Nominal_typing,26
Structural_equality,27
Concept:Template_method_pattern,27
Theme:Web_applications_in_Java,27
Technology:JDOM,27
Text_to_Model_transformation,27
Technology:GHCi,27
Higher-order_function,27
Technology:Haskell_platform,27
Technology:HUnit,27
Contribution:OCL_using_USE,27
Concept:Stack,27
Data_constructor,28
Technology:Cabal,28
resources/language,28
Technology:GHC,28
Currying,28
Technology:ANTLR,28
resource/resource_loc,28
Contribution:hughesPJ,28
Concrete_data_type,28
Type-class_instance,28
101haskell,28
Concept:Decorator_pattern,28
Command_pattern,29
Contribution:jmsPublishSubscribe,29
Immutable_list,29
Recursive_descent_parser,29
Abstraction,29
Factorial,29
Technology:MPS,29
Pretty_printing,29
Merge_sort,30
Syntax,30
Namespace:Section,30
Single_recursion,30
Parse_tree,31
Data_variation,31
Language:DOT,31
Quicksort,31
Skew_heap,31
Type-class_polymorphism,31
Doubly_linked_list,32
Technology:JPA,32
Type-class_constraint,33
Contribution:101spark,33
Parametric_polymorphism,33
Language:ANTLR4,33
Property:relatesTo,33
Technology:jinja2,33
Module,34
Concept:Insertion_sort,34
Vocabulary:Programming_languages,34
Technology:Eclipse,34
Section:Headline,35
Technology:ANTLR4,35
Concept:Binary_search,35
Map_function,35
Grammar,35
Technology:GMF,36
Parser,36
Unparsing,36
Singly_linked_list,37
Lazy_evaluation,37
Foldable_type,37
Semantic_equality,37
Concept:Abstract_factory_pattern,37
Technology:scalameta,37
Greatest_common_divisor,37
Concept:Concrete_data_type,37
Search_algorithm,38
Contribution:haskellAcceptor,38
Concept:State_monad,38
Contribution:haskellComposition,39
Internal:FrontPage,39
Writer_monad,39
Constructor_method,41
Queue,41
admin,41
Recursion,41
Namespace:Feature,41
Feature:Flat_company,41
Monoid,42
Structural_typing,42
Parsing,43
Course:Lambdas_at_UvA,43
Maybe_type,43
Search_problem,44
OO_class,44
Sorting_problem,44
Contribution:jaxbChoice,44
resource/,44
Feature:Parsing,45
Pattern_matching,45
Combinator_library,45
Requirement,45
Concept:Data_composition,47
Contribution:jmsPointToPoint,47
List,48
Namespace:Namespace,50
Property:facilitates,50
Functor,50
resource/101worker,51
Language:Scala,51
Contribution:javaTemplate,52
Array,52
Polymorphism,52
101system,53
Contribution:javaGsonObjects,54
Language:JSON,54
Contribution:haskellParsec,54
Feature:Cut,55
Abstract_data_type,55
Technology:HughesPJ,57
Contribution:101kafka/edit,57
Fold_function,58
Technology:SAX,58
Contribution:haskellEngineer,58
Concept:Adapter_pattern,58
Concept:Selection_sort,60
Namespace:Technology,61
Binary_search,61
Control-flow_graph,62
Feature:Total,62
Technology:Spoofax,62
Technology:JUnit,63
Type_class,65
Tail_recursion,68
State_monad,68
Sorting_algorithm,68
Contribution:101kafka,69
Contribution:xpathAPI,70
Data_modeling_in_Haskell,72
Contribution:javaExorcism,73
Namespace:Language,73
Concept:Data_modeling_in_Haskell,74
Algebraic_data_type,75
Property:exemplifiedBy,75
scripts/LaemmelO06,75
Goto,75
Technology:JAXB,76
contribute/new,76
Contribution:sax,77
Script:Monads,78
Feature:Hierarchical_company,79
Contribution:jaxbComposition,79
Monad,82
Rose_tree,83
Concept:Rose_tree,84
Contribution:jdom,86
B%C3%B6hm-Jacopini_theorem,96
Stack,97
Contribution:javaGson,97
resources,102
Data_composition,124
Insertion_sort,128
Contribution:jpa,135
Selection_sort,143
Technology:Parsec,146
Contribution:javaJson,149
Structured_programming,154
Script:Functors_and_friends,159
Linear_search,169
Language:Haskell,192
Script:Functional_data_structures,217
Script:Basic_software_engineering_for_Haskell,231
Language:Java,234
Script:Type-class_polymorphism,248
Contribution:haskellStarter,253
Script:Higher-order_functions_in_Haskell,266
Script:Data_modeling_in_Haskell,267
Concept:Linear_search,270
Script:Unparsing_and_parsing_in_Haskell,279
scripts/Script:Searching_and_sorting_in_Haskell,288
Namespace:Concept,345
Namespace:Contribution,364
Script:First_steps_in_Haskell,374
Metadata,409
Script:Searching_and_sorting_in_Haskell,530
Course:Lambdas_in_Koblenz,535
Concept:101project,545
101project,2448
